{
  "statistics": {
    "experiment_timestamp": "20251122_182302",
    "total_sentences_analyzed": 10,
    "total_evaluations": 110,
    "error_rate_range": [
      0.0,
      0.5
    ],
    "cosine_distance_stats": {
      "mean": 0.7462766127152877,
      "median": 0.8498110771179199,
      "std": 0.28090979507264885,
      "min": 0.0,
      "max": 1.1330140829086304
    },
    "correlation_analysis": {
      "cosine": {
        "correlation": 0.6976323968204067,
        "r_squared": 0.48669096109338517,
        "slope": 1.2394343235275955,
        "intercept": 0.4364180318333887
      },
      "euclidean": {
        "correlation": 0.6366092404326599,
        "r_squared": 0.4052713250042479,
        "slope": 1.5574855566024757,
        "intercept": 0.7694707572460177
      }
    },
    "turing_machine_tests": 12
  },
  "metadata": {
    "export_timestamp": "2025-11-22T18:23:11.290179",
    "format_version": "1.0"
  }
}